product_id,product_name,category,list_price,currency_code,opening_stock,monthly_restock_quantity
P001,Daily Lamp 01,Skincare,96.68,EUR,90,24
P002,Pure Band 02,Fitness,19.22,EUR,100,21
P003,Urban Bottle 03,Home,105.26,EUR,104,19
P004,Essential Bag 04,Accessories,83.73,EUR,85,22
P005,Bright Organizer 05,Wellness,70.21,EUR,81,23
P006,Active Mat 06,Skincare,104.36,EUR,90,17
P007,Calm Cream 07,Fitness,21.92,EUR,124,21
P008,Modern Serum 08,Home,76.74,EUR,105,24
P009,Daily Lamp 09,Accessories,27.05,EUR,98,24
P010,Pure Band 10,Wellness,31.57,EUR,98,18
P011,Urban Bottle 11,Skincare,58.41,EUR,110,24
P012,Essential Bag 12,Fitness,99.7,EUR,104,19
P013,Bright Organizer 13,Home,48.36,EUR,82,21
P014,Active Mat 14,Accessories,55.09,EUR,116,17
P015,Calm Cream 15,Wellness,26.81,EUR,122,22
P016,Modern Serum 16,Skincare,91.2,EUR,94,17
P017,Daily Lamp 17,Fitness,94.4,EUR,114,24
P018,Pure Band 18,Home,68.13,EUR,105,17
P019,Urban Bottle 19,Accessories,61.21,EUR,123,19
P020,Essential Bag 20,Wellness,23.79,EUR,90,20
P021,Bright Organizer 21,Skincare,91.23,EUR,123,23
P022,Active Mat 22,Fitness,31.79,EUR,118,21
P023,Calm Cream 23,Home,43.34,EUR,85,23
P024,Modern Serum 24,Accessories,66.52,EUR,113,24
P025,Daily Lamp 25,Wellness,101.88,EUR,117,23
P026,Pure Band 26,Skincare,23.03,EUR,117,18
P027,Urban Bottle 27,Fitness,102.64,EUR,98,22
P028,Essential Bag 28,Home,98.03,EUR,116,24
P029,Bright Organizer 29,Accessories,15.67,EUR,118,23
P030,Active Mat 30,Wellness,15.8,EUR,95,17
